{
    "thresholds": [
        0.3,
        0.4,
        0.5,
        0.6,
        0.7,
        0.8,
        0.9
    ],
    "results": [
        {
            "pixel_wise": {
                "counts": {
                    "TP": 65944893,
                    "TN": 15,
                    "FP": 217713,
                    "FN": 669
                },
                "metrics": {
                    "accuracy": 0.9966993479314586,
                    "precision": 0.9967094252605467,
                    "recall": 0.9999898552688049,
                    "f1-score": 0.9983469455121048,
                    "iou": 0.9966993471831617
                }
            },
            "object_wise": {
                "counts": {
                    "GT": 37674,
                    "PR": 60995,
                    "TP": 29705,
                    "FP": 31290,
                    "FN": 7969
                },
                "metrics": {
                    "precision": 0.4870071317321092,
                    "recall": 0.7884748102139406,
                    "f1-score": 0.6021141391926543
                }
            }
        },
        {
            "pixel_wise": {
                "counts": {
                    "TP": 65665766,
                    "TN": 15,
                    "FP": 217713,
                    "FN": 669
                },
                "metrics": {
                    "accuracy": 0.9966853642809426,
                    "precision": 0.9966954841592381,
                    "recall": 0.9999898121467992,
                    "f1-score": 0.9983399304996885,
                    "iou": 0.9966853635262917
                }
            },
            "object_wise": {
                "counts": {
                    "GT": 37674,
                    "PR": 57524,
                    "TP": 29776,
                    "FP": 27748,
                    "FN": 7898
                },
                "metrics": {
                    "precision": 0.5176274250747515,
                    "recall": 0.7903593990550513,
                    "f1-score": 0.6255593604907667
                }
            }
        },
        {
            "pixel_wise": {
                "counts": {
                    "TP": 65386198,
                    "TN": 15,
                    "FP": 217713,
                    "FN": 669
                },
                "metrics": {
                    "accuracy": 0.9966712392630425,
                    "precision": 0.996681402119456,
                    "recall": 0.9999897685876279,
                    "f1-score": 0.9983328444694023,
                    "iou": 0.996671238501946
                }
            },
            "object_wise": {
                "counts": {
                    "GT": 37674,
                    "PR": 54349,
                    "TP": 29751,
                    "FP": 24598,
                    "FN": 7923
                },
                "metrics": {
                    "precision": 0.5474065760179581,
                    "recall": 0.7896958114349418,
                    "f1-score": 0.6465992197602773
                }
            }
        },
        {
            "pixel_wise": {
                "counts": {
                    "TP": 65064976,
                    "TN": 15,
                    "FP": 217713,
                    "FN": 669
                },
                "metrics": {
                    "accuracy": 0.9966548603424642,
                    "precision": 0.9966650730333734,
                    "recall": 0.9999897180762598,
                    "f1-score": 0.9983246276089727,
                    "iou": 0.9966548595738596
                }
            },
            "object_wise": {
                "counts": {
                    "GT": 37674,
                    "PR": 51316,
                    "TP": 29759,
                    "FP": 21557,
                    "FN": 7915
                },
                "metrics": {
                    "precision": 0.5799165952139683,
                    "recall": 0.7899081594733769,
                    "f1-score": 0.6688167209798853
                }
            }
        },
        {
            "pixel_wise": {
                "counts": {
                    "TP": 64741785,
                    "TN": 15,
                    "FP": 217713,
                    "FN": 669
                },
                "metrics": {
                    "accuracy": 0.9966382175468659,
                    "precision": 0.9966484808734205,
                    "recall": 0.9999896667494254,
                    "f1-score": 0.9983162782314949,
                    "iou": 0.9966382167705942
                }
            },
            "object_wise": {
                "counts": {
                    "GT": 37674,
                    "PR": 47885,
                    "TP": 29639,
                    "FP": 18246,
                    "FN": 8035
                },
                "metrics": {
                    "precision": 0.6189620966899865,
                    "recall": 0.786722938896852,
                    "f1-score": 0.6928318470295353
                }
            }
        },
        {
            "pixel_wise": {
                "counts": {
                    "TP": 64158586,
                    "TN": 15,
                    "FP": 217713,
                    "FN": 669
                },
                "metrics": {
                    "accuracy": 0.9966077627465083,
                    "precision": 0.9966181187272043,
                    "recall": 0.9999895728215672,
                    "f1-score": 0.9983009992705987,
                    "iou": 0.9966077619561082
                }
            },
            "object_wise": {
                "counts": {
                    "GT": 37674,
                    "PR": 43707,
                    "TP": 29394,
                    "FP": 14313,
                    "FN": 8280
                },
                "metrics": {
                    "precision": 0.6725238520145514,
                    "recall": 0.7802197802197802,
                    "f1-score": 0.7223799166881705
                }
            }
        },
        {
            "pixel_wise": {
                "counts": {
                    "TP": 63766004,
                    "TN": 15,
                    "FP": 217713,
                    "FN": 669
                },
                "metrics": {
                    "accuracy": 0.9965869493722384,
                    "precision": 0.9965973686711573,
                    "recall": 0.999989508626238,
                    "f1-score": 0.9982905570777513,
                    "iou": 0.9965869485721095
                }
            },
            "object_wise": {
                "counts": {
                    "GT": 37674,
                    "PR": 36316,
                    "TP": 27990,
                    "FP": 8326,
                    "FN": 9684
                },
                "metrics": {
                    "precision": 0.7707346624077541,
                    "recall": 0.7429526994744386,
                    "f1-score": 0.7565887282065146
                }
            }
        }
    ]
}