{
    "thresholds": [
        0.3,
        0.4,
        0.5,
        0.6,
        0.7,
        0.8,
        0.9
    ],
    "results": [
        {
            "pixel_wise": {
                "counts": {
                    "TP": 59836242,
                    "TN": 166862273,
                    "FP": 9525010,
                    "FN": 8356827
                },
                "metrics": {
                    "accuracy": 0.9268876798411019,
                    "precision": 0.8626753450182819,
                    "recall": 0.8774534256553258,
                    "f1-score": 0.8700016337545659,
                    "iou": 0.7699140633674181
                }
            },
            "object_wise": {
                "counts": {
                    "GT": 37674,
                    "PR": 60995,
                    "TP": 29705,
                    "FP": 31290,
                    "FN": 7969
                },
                "metrics": {
                    "precision": 0.4870071317321092,
                    "recall": 0.7884748102139406,
                    "f1-score": 0.6021141391926543
                }
            }
        },
        {
            "pixel_wise": {
                "counts": {
                    "TP": 59412435,
                    "TN": 167484453,
                    "FP": 8902830,
                    "FN": 8780634
                },
                "metrics": {
                    "accuracy": 0.9276987548043107,
                    "precision": 0.8696802244710607,
                    "recall": 0.871238615173633,
                    "f1-score": 0.8704587223224042,
                    "iou": 0.7706302899457727
                }
            },
            "object_wise": {
                "counts": {
                    "GT": 37674,
                    "PR": 57524,
                    "TP": 29776,
                    "FP": 27748,
                    "FN": 7898
                },
                "metrics": {
                    "precision": 0.5176274250747515,
                    "recall": 0.7903593990550513,
                    "f1-score": 0.6255593604907667
                }
            }
        },
        {
            "pixel_wise": {
                "counts": {
                    "TP": 58980384,
                    "TN": 168079554,
                    "FP": 8307729,
                    "FN": 9212685
                },
                "metrics": {
                    "accuracy": 0.9283654068827246,
                    "precision": 0.8765349683680385,
                    "recall": 0.8649029126405794,
                    "f1-score": 0.870680091940739,
                    "iou": 0.7709773694125387
                }
            },
            "object_wise": {
                "counts": {
                    "GT": 37674,
                    "PR": 54349,
                    "TP": 29751,
                    "FP": 24598,
                    "FN": 7923
                },
                "metrics": {
                    "precision": 0.5474065760179581,
                    "recall": 0.7896958114349418,
                    "f1-score": 0.6465992197602773
                }
            }
        },
        {
            "pixel_wise": {
                "counts": {
                    "TP": 58512116,
                    "TN": 168580057,
                    "FP": 7807226,
                    "FN": 9680953
                },
                "metrics": {
                    "accuracy": 0.9284972040599565,
                    "precision": 0.8822782952219279,
                    "recall": 0.8580361150779121,
                    "f1-score": 0.8699883611483256,
                    "iou": 0.7698932747563677
                }
            },
            "object_wise": {
                "counts": {
                    "GT": 37674,
                    "PR": 51316,
                    "TP": 29759,
                    "FP": 21557,
                    "FN": 7915
                },
                "metrics": {
                    "precision": 0.5799165952139683,
                    "recall": 0.7899081594733769,
                    "f1-score": 0.6688167209798853
                }
            }
        },
        {
            "pixel_wise": {
                "counts": {
                    "TP": 57738134,
                    "TN": 169188744,
                    "FP": 7198539,
                    "FN": 10454935
                },
                "metrics": {
                    "accuracy": 0.9278213729940171,
                    "precision": 0.889145244629333,
                    "recall": 0.8466862519415279,
                    "f1-score": 0.867396468025905,
                    "iou": 0.76584298347901
                }
            },
            "object_wise": {
                "counts": {
                    "GT": 37674,
                    "PR": 47885,
                    "TP": 29639,
                    "FP": 18246,
                    "FN": 8035
                },
                "metrics": {
                    "precision": 0.6189620966899865,
                    "recall": 0.786722938896852,
                    "f1-score": 0.6928318470295353
                }
            }
        },
        {
            "pixel_wise": {
                "counts": {
                    "TP": 56460618,
                    "TN": 169915611,
                    "FP": 6471672,
                    "FN": 11732451
                },
                "metrics": {
                    "accuracy": 0.9255699697414779,
                    "precision": 0.8971645239669492,
                    "recall": 0.8279524419116553,
                    "f1-score": 0.8611700807621813,
                    "iou": 0.7561884933077047
                }
            },
            "object_wise": {
                "counts": {
                    "GT": 37674,
                    "PR": 43707,
                    "TP": 29394,
                    "FP": 14313,
                    "FN": 8280
                },
                "metrics": {
                    "precision": 0.6725238520145514,
                    "recall": 0.7802197802197802,
                    "f1-score": 0.7223799166881705
                }
            }
        },
        {
            "pixel_wise": {
                "counts": {
                    "TP": 52317180,
                    "TN": 171329436,
                    "FP": 5057847,
                    "FN": 15875889
                },
                "metrics": {
                    "accuracy": 0.9144095761216339,
                    "precision": 0.9118458454058767,
                    "recall": 0.767192044106418,
                    "f1-score": 0.8332877803610242,
                    "iou": 0.714218781919396
                }
            },
            "object_wise": {
                "counts": {
                    "GT": 37674,
                    "PR": 36316,
                    "TP": 27990,
                    "FP": 8326,
                    "FN": 9684
                },
                "metrics": {
                    "precision": 0.7707346624077541,
                    "recall": 0.7429526994744386,
                    "f1-score": 0.7565887282065146
                }
            }
        }
    ]
}